{
  "name": "Random Career",
  "columns": ["human", "dwarf", "halfling", "helf", "welf"],
  "rows": [
    {
      "range":{
        "human" : [1, 1],
        "dwarf" : [1, 1],
        "halfling" : [1, 1],
        "helf" : [1, 2],
        "welf" : []
      },
      "name": "Apothicaire"
    },
    {
      "range":{
        "human" : [2, 2],
        "dwarf" : [2, 4],
        "halfling" : [2, 2],
        "helf" : [],
        "welf" : []
      },
      "name": "Ingénieur"
    },    {
      "range":{
        "human" : [3, 3],
        "dwarf" : [5, 6],
        "halfling" : [3, 4],
        "helf" : [3, 6],
        "welf" : []
      },
      "name": "Juriste"
    },    {
      "range":{
        "human" : [4, 5],
        "dwarf" : [],
        "halfling" : [],
        "helf" : [],
        "welf" : []
      },
      "name": "Nonne"
    },    {
      "range":{
        "human" : [6, 6],
        "dwarf" : [7, 7],
        "halfling" : [5, 6],
        "helf" : [7, 8],
        "welf" : []
      },
      "name": "Médecin"
    },    {
      "range":{
        "human" : [7, 11],
        "dwarf" : [],
        "halfling" : [],
        "helf" : [],
        "welf" : []
      },
      "name": "Prêtre"
    },    {
      "range":{
        "human" : [12, 13],
        "dwarf" : [8, 9],
        "halfling" : [7, 8],
        "helf" : [9, 12],
        "welf" : [1, 1]
      },
      "name": "Erudit"
    },    {
      "range":{
        "human" : [14, 14],
        "dwarf" : [],
        "halfling" : [],
        "helf" : [13, 16],
        "welf" : [2, 5]
      },
      "name": "Sorcier"
    },    {
      "range":{
        "human" : [15, 15],
        "dwarf" : [10, 11],
        "halfling" : [9, 10],
        "helf" : [],
        "welf" : []
      },
      "name": "Agitateur"
    },    {
      "range":{
        "human" : [16, 17],
        "dwarf" : [12, 17],
        "halfling" : [11, 15],
        "helf" : [17, 19],
        "welf" : [6, 10]
      },
      "name": "Artisan"
    },    {
      "range":{
        "human" : [18, 19],
        "dwarf" : [18],
        "halfling" : [16, 19],
        "helf" : [],
        "welf" : []
      },
      "name": "Mendiant"
    },    {
      "range":{
        "human" : [20, 20],
        "dwarf" : [19, 20],
        "halfling" : [20, 21],
        "helf" : [20, 21],
        "welf" : []
      },
      "name": "Enquêteur"
    },    {
      "range":{
        "human" : [21, 21],
        "dwarf" : [21, 24],
        "halfling" : [22, 25],
        "helf" : [22, 26],
        "welf" : []
      },
      "name": "Marchand"
    },    {
      "range":{
        "human" : [22, 23],
        "dwarf" : [25, 25],
        "halfling" : [26, 28],
        "helf" : [],
        "welf" : []
      },
      "name": "Ratier"
    },    {
      "range":{
        "human" : [24, 26],
        "dwarf" : [26, 31],
        "halfling" : [29, 31],
        "helf" : [27, 28],
        "welf" : []
      },
      "name": "Bourgeois"
    },    {
      "range":{
        "human" : [27, 27],
        "dwarf" : [32, 34],
        "halfling" : [32, 33],
        "helf" : [29, 29],
        "welf" : []
      },
      "name": "Milicien"
    },    {
      "range":{
        "human" : [28, 28],
        "dwarf" : [35, 36],
        "halfling" : [34, 34],
        "helf" : [30, 31],
        "welf" : [11, 14]
      },
      "name": "Conseiller"
    },    {
      "range":{
        "human" : [29, 29],
        "dwarf" : [37, 37],
        "halfling" : [35, 36],
        "helf" : [32, 32],
        "welf" : [15, 18]
      },
      "name": "Artiste"
    },    {
      "range":{
        "human" : [30, 30],
        "dwarf" : [38, 38],
        "halfling" : [],
        "helf" : [33, 34],
        "welf" : []
      },
      "name": "Duelliste"
    },    {
      "range":{
        "human" : [31, 31],
        "dwarf" : [39, 40],
        "halfling" : [37, 37],
        "helf" : [35, 37],
        "welf" : [19, 25]
      },
      "name": "Emissaire"
    },    {
      "range":{
        "human" : [32, 32],
        "dwarf" : [41, 41],
        "halfling" : [],
        "helf" : [38, 40],
        "welf" : [26, 31]
      },
      "name": "Noble"
    },
    {
      "range":{
        "human" : [33, 35],
        "dwarf" : [42, 42],
        "halfling" : [38, 43],
        "helf" : [],
        "welf" : []
      },
      "name": "Serviteur"
    },{
      "range":{
        "human" : [36, 36],
        "dwarf" : [43, 43],
        "halfling" : [44, 44],
        "helf" : [41, 43],
        "welf" : [32, 35]
      },
      "name": "Espion"
    },{
      "range":{
        "human" : [37, 37],
        "dwarf" : [44, 45],
        "halfling" : [45, 46],
        "helf" : [44, 45],
        "welf" : []
      },
      "name": "Intendant"
    },{
      "range":{
        "human" : [38, 38],
        "dwarf" : [46, 47],
        "halfling" : [47, 47],
        "helf" : [],
        "welf" : []
      },
      "name": "Bailli"
    },{
      "range":{
        "human" : [39, 39],
        "dwarf" : [],
        "halfling" : [],
        "helf" : [],
        "welf" : []
      },
      "name": "Sorcier de Village"
    },{
      "range":{
        "human" : [40, 40],
        "dwarf" : [],
        "halfling" : [48, 50],
        "helf" : [46, 47],
        "welf" : [36, 42]
      },
      "name": "Herboriste"
    },{
      "range":{
        "human" : [41, 42],
        "dwarf" : [48, 49],
        "halfling" : [51, 52],
        "helf" : [48, 50],
        "welf" : [43, 52]
      },
      "name": "Chasseur"
    },{
      "range":{
        "human" : [43, 43],
        "dwarf" : [50, 54],
        "halfling" : [53, 53],
        "helf" : [],
        "welf" : []
      },
      "name": "Mineur"
    },{
      "range":{
        "human" : [44, 44],
        "dwarf" : [],
        "halfling" : [],
        "helf" : [],
        "welf" : [53, 57]
      },
      "name": "Mystique"
    },{
      "range":{
        "human" : [45, 45],
        "dwarf" : [55, 55],
        "halfling" : [54, 54],
        "helf" : [51, 56],
        "welf" : [58, 68]
      },
      "name": "Eclaireur"
    },{
      "range":{
        "human" : [46, 50],
        "dwarf" : [56, 56],
        "halfling" : [55, 57],
        "helf" : [],
        "welf" : []
      },
      "name": "Villageois"
    },{
      "range":{
        "human" : [51, 51],
        "dwarf" : [57, 60],
        "halfling" : [58, 58],
        "helf" : [57, 59],
        "welf" : [69, 70]
      },
      "name": "Chasseur de Prime"
    },{
      "range":{
        "human" : [52, 52],
        "dwarf" : [61, 61],
        "halfling" : [59, 60],
        "helf" : [],
        "welf" : []
      },
      "name": "Cocher"
    },{
      "range":{
        "human" : [53, 54],
        "dwarf" : [62, 63],
        "halfling" : [61, 63],
        "helf" : [60, 62],
        "welf" : [71, 75]
      },
      "name": "Saltimbanque"
    },{
      "range":{
        "human" : [55, 56],
        "dwarf" : [],
        "halfling" : [],
        "helf" : [],
        "welf" : []
      },
      "name": "Flagellant"
    },{
      "range":{
        "human" : [57, 57],
        "dwarf" : [64, 65],
        "halfling" : [64, 65],
        "helf" : [63, 63],
        "welf" : [76, 78]
      },
      "name": "Messager"
    },{
      "range":{
        "human" : [58, 58],
        "dwarf" : [66, 67],
        "halfling" : [66, 67],
        "helf" : [],
        "welf" : []
      },
      "name": "Coltorteur"
    },{
      "range":{
        "human" : [59, 59],
        "dwarf" : [],
        "halfling" : [68, 68],
        "helf" : [],
        "welf" : []
      },
      "name": "Patrouilleur Routier"
    },{
      "range":{
        "human" : [60, 60],
        "dwarf" : [],
        "halfling" : [],
        "helf" : [],
        "welf" : []
      },
      "name": "Répurgateur"
    },{
      "range":{
        "human" : [61, 62],
        "dwarf" : [68, 69],
        "halfling" : [69, 69],
        "helf" : [64, 64],
        "welf" : []
      },
      "name": "Batelier"
    },{
      "range":{
        "human" : [63, 63],
        "dwarf" : [70, 70],
        "halfling" : [70, 70],
        "helf" : [],
        "welf" : []
      },
      "name": "Nautonier"
    },{
      "range":{
        "human" : [64, 65],
        "dwarf" : [],
        "halfling" : [71, 71],
        "helf" : [],
        "welf" : []
      },
      "name": "Patrouilleur Fluvial"
    },{
      "range":{
        "human" : [66, 68],
        "dwarf" : [71, 72],
        "halfling" : [72, 74],
        "helf" : [],
        "welf" : []
      },
      "name": "Femme du Fleuve"
    },{
      "range":{
        "human" : [69, 70],
        "dwarf" : [73, 73],
        "halfling" : [75, 75],
        "helf" : [65, 79],
        "welf" : []
      },
      "name": "Marin"
    },{
      "range":{
        "human" : [71, 71],
        "dwarf" : [74, 75],
        "halfling" : [76, 79],
        "helf" : [80, 80],
        "welf" : []
      },
      "name": "Contrebandier"
    },{
      "range":{
        "human" : [72, 73],
        "dwarf" : [76, 77],
        "halfling" : [80, 82],
        "helf" : [],
        "welf" : []
      },
      "name": "Débardeur"
    },{
      "range":{
        "human" : [74, 74],
        "dwarf" : [78, 78],
        "halfling" : [],
        "helf" : [],
        "welf" : [79, 79]
      },
      "name": "Naufrageur"
    },{
      "range":{
        "human" : [75, 76],
        "dwarf" : [],
        "halfling" : [83, 85],
        "helf" : [81, 82],
        "welf" : []
      },
      "name": "Entremetteur"
    },{
      "range":{
        "human" : [77, 77],
        "dwarf" : [],
        "halfling" : [86, 86],
        "helf" : [83, 85],
        "welf" : []
      },
      "name": "Charlatan"
    },{
      "range":{
        "human" : [78, 78],
        "dwarf" : [79, 79],
        "halfling" : [87, 87],
        "helf" : [],
        "welf" : []
      },
      "name": "Receleur"
    },{
      "range":{
        "human" : [79, 79],
        "dwarf" : [],
        "halfling" : [88, 88],
        "helf" : [],
        "welf" : []
      },
      "name": "Pilleur de Tombes"
    },{
      "range":{
        "human" : [80, 83],
        "dwarf" : [80, 82],
        "halfling" : [89, 89],
        "helf" : [86, 88],
        "welf" : [80, 85]
      },
      "name": "Hors-la-Loi"
    },{
      "range":{
        "human" : [84, 84],
        "dwarf" : [83, 83],
        "halfling" : [90, 90],
        "helf" : [],
        "welf" : []
      },
      "name": "Rançonneur"
    },{
      "range":{
        "human" : [85, 87],
        "dwarf" : [84, 84],
        "halfling" : [91, 94],
        "helf" : [],
        "welf" : []
      },
      "name": "Voleur"
    },{
      "range":{
        "human" : [88, 88],
        "dwarf" : [],
        "halfling" : [],
        "helf" : [],
        "welf" : []
      },
      "name": "Sorcier Sauvage"
    },{
      "range":{
        "human" : [89, 90],
        "dwarf" : [],
        "halfling" : [],
        "helf" : [89, 92],
        "welf" : [86, 90]
      },
      "name": "Cavalier"
    },
    {
      "range":{
        "human" : [91, 92],
        "dwarf" : [85, 87],
        "halfling" : [95, 96],
        "helf" : [93, 94],
        "welf" : [91, 92]
      },
      "name": "Garde"
    },{
      "range":{
        "human" : [93, 93],
        "dwarf" : [],
        "halfling" : [],
        "helf" : [95, 95],
        "welf" : [93, 94]
      },
      "name": "Chevalier"
    },{
      "range":{
        "human" : [94, 94],
        "dwarf" : [88, 90],
        "halfling" : [97, 97],
        "helf" : [96, 97],
        "welf" : [95, 96]
      },
      "name": "Gladiateur"
    },{
      "range":{
        "human" : [95, 95],
        "dwarf" : [91, 93],
        "halfling" : [],
        "helf" : [98, 98],
        "welf" : []
      },
      "name": "Spadassin"
    },{
      "range":{
        "human" : [96, 99],
        "dwarf" : [94, 96],
        "halfling" : [98, 100],
        "helf" : [99, 100],
        "welf" : [97, 100]
      },
      "name": "Soldat"
    },{
      "range":{
        "human" : [],
        "dwarf" : [97, 100],
        "halfling" : [],
        "helf" : [],
        "welf" : []
      },
      "name": "Tueur"
    },{
      "range":{
        "human" : [100, 100],
        "dwarf" : [],
        "halfling" : [],
        "helf" : [],
        "welf" : []
      },
      "name": "Prêtre Guerrier"
    }
  ]
}