{
  "name": "Délire",
  "die": "1d10",
  "hide": true,
  "rows": [{
    "name": "Interval de lucidité",
    "description": "Vous avez une période de calme béni. Tous les Etats que vous avez précédemment gagnées grâce à votre délire sont supprimées.",
    "range": [1, 2]
  }, {
    "name": "Sommeil réparateur",
    "description": "On se tourne et on se retourne, on dort mais on ne se repose pas. Gagnez 1 état <a class='condition-chat'><i class='fas fa-user-injured'></i> Inconscient</a> pendant la prochaine heure, et 1 état <a class='condition-chat'><i class='fas fa-user-injured'></i> Fatigué</a> pendant les <b><a class='chat-roll'>1d10</a></b> prochaines heures.",
    "range": [3, 5]
  }, {
    "name": "Confusion",
    "description": "En proie à des visions étranges et déformées, vous obtenez un état <a class='condition-chat'><i class='fas fa-user-injured'></i> Etourdis</a> pendant l'heure qui suit.",
    "range": [6, 9]
  }, {
    "name": "Hallucinations",
    "description": "Vous avez des visions étranges et terrifiantes, et vous devez faire un Test contre la terreur 3 toutes les 10 minutes pendant l'heure qui suit. Vous gagnez également +1 Condition <a class='condition-chat'><i class='fas fa-user-injured'></i> Etourdis</a> pendant les <b><a class='chat-roll'>1d10</a></b> heures suivantes.",
    "range": [10, 10]
  }]
}
