{
  "name": "Tableau des Incantations Imparfaites Mineures",
  "rows": [{
    "name": "Signe de Sorcière",
    "description": "La prochaine créature vivante à naître dans un rayon de 1 kilomètre mute.",
    "range": [1, 5]
  }, {
    "name": "Lait caillé",
    "description": "Tout le lait dans un rayon de 1d100 mètres tourne instantanément.",
    "range": [6, 10]
  }, {
    "name": "Mildiou",
    "description": "Un nombre de champs égal à votre Bonus de Force Mentale dans un rayon de (Bonus de Force Mentale) Kilomètres subissent une calamité, et toutes les cultures pourrissent pendant la nuit.",
    "range": [11, 15]
  }, {
    "name": "Cérumen",
    "description": "Vos oreilles se buches instantanément à cause d'une cire épaisse. Gagnez 1 État Assourdi, qui ne peut être retiré jusqu'à ce que quelqu'un les nettoire pour vous (en utilisant la Compétence Guérison).",
    "range": [16, 20]
  }, {
    "name": "Lueur occulte",
    "description": "Vous luisez d'une lueur sinistre en lien avec votre Domaine, émettant autant de lumière q'un grand bûcher, qui dure au moins 1d10 rounds.",
    "range": [21, 25]
  }, {
    "name": "Murmures mortels",
    "description": "Réussissez un Test de Force Mentale Accessible (+20) ou gagnez 1 Point de Corruption.",
    "range": [26, 30]
  }, {
    "name": "Rupture",
    "description": "Votre nez, vos oreilles et vos yeux saignent abondamment. Gagnez 1d10 États Hémorragique.",
    "range": [31, 35]
  }, {
    "name": "Secousse spirituelle",
    "description": "Gagnez 1 État À Terre.",
    "range": [36, 40]
  }, {
    "name": "Délié",
    "description": "Sur votre personne, toutes les boucles se détachent et tous les lacets se délacent, ce qui peut entraîner la chute de ceintures et de sacs, l'ouverture des poches et le glissement de l'armure.",
    "range": [41, 45]
  }, {
    "name": "Tenue indisciplinée",
    "description": "Vos vêtements semblent se tordre par leur propre volonté. Recevez 1 État Enchevêtré avec une Force de 1d10 x 5 pour résister.",
    "range": [46, 50]
  }, {
    "name": "Malédiction de la sobriété",
    "description": "Tout l'alcool dans un rayon de 1d100 mètres s'évente, prenant un goût infecte et amer.",
    "range": [51, 55]
  }, {
    "name": "Drain de l'âme",
    "description": "Gagnez 1 État Exténué, qui dure 1d10 heures.",
    "range": [56, 60]
  }, {
    "name": "Distraction",
    "description": "Si vous êtes engagé en combat, vous gagnez l'État Surpris. Sinon, vous êtes complètement décontenancé, le coeur battant et incapable de vous concentrer pendant quelques instants.",
    "range": [61, 65]
  }, {
    "name": "Visions impies",
    "description": "Des visions éphémères d'actes profanes et impies vous harcèlent. recevez l'État Aveuglé ; réussissez un Test de Calme Intermédiaire (+0) ou gagnez-en un autre.",
    "range": [66, 70]
  }, {
    "name": "Langue maladroite",
    "description": "Tous les Tests de Langue (y compris les Tests d'Incantation) subissent une pénalité de -10 pendant 1d10 rounds.",
    "range": [71, 75]
  }, {
    "name": "L'Horreur !",
    "description": "Réussissez un Test de Calme Difficile (-20) ou gagnez 1 État Brisé.",
    "range": [76, 80]
  }, {
    "name": "Malédiction de Corruption",
    "description": "Gagnez 1 Point de Corruption.",
    "range": [81, 85]
  }, {
    "name": "Double problème",
    "description": "L'effet du sort que vous lancez se produit ailleurs dans un rayon de 1d10 kilomètres. À la discrétion du MJ, dans la mesure du possible, cela devrait avoir des conséquences.",
    "range": [86, 90]
  }, {
    "name": "Multiplication d'infortune",
    "description": "Effectuez deux lancers sur cette table, en relançant tous les résultat entre 91-100.",
    "range": [91, 95]
  }, {
    "name": "Chaos en cascade",
    "description": "Effectuez un nouveau lancer sur le Tableau des Incantations Imparfaites Majeures.",
    "range": [96, 100]
  }]
}