{
	"label": "Mutations",
	"mapping": {
	    "modifier": "data.modifier.value",
	    "mutationType": {
        "path": "data.mutationType.value",
        "converter": "generic_localization"
	    }
  },
	"entries": [
		{
			"id": "Animalistic Legs",
			"name": "Membres d'animaux",
			"description": ""
		},
		{
			"id": "Awful Cravings",
			"name": "Atroces Désirs",
			"description": ""
		},
		{
			"id": "Beast Within'",
			"name": "Bête intérieure",
			"description": ""
		},
		{
			"id": "Chaotic Dreams",
			"name": "Rêves chaotiques",
			"description": ""
		},
		{
			"id": "Corpulent",
			"name": "Corpulent",
			"description": ""
		},
		{
			"id": "Crawling Skin",
			"name": "Fornication",
			"description": ""
		},
		{
			"id": "Distended Digits",
			"name": "Doigts distendus",
			"description": ""
		},
		{
			"id": "Emaciated",
			"name": "Emacié",
			"description": ""
		},
		{
			"id": "Enormous Eye",
			"name": "Oeil énorme",
			"description": ""
		},
		{
			"id": "Erratic Fantasist",
			"name": "Imprévisible fantaisiste",
			"description": ""
		},
		{
			"id": "Extra Leg Joints",
			"name": "Articulation supp. aux Jambes",
			"description": ""
		},
		{
			"id": "Extra Mouth",
			"name": "Bouche supplémentaire",
			"description": ""
		},
		{
			"id": "Fearful Concern",
			"name": "Terrible inquiétude",
			"description": ""
		},
		{
			"id": "Fleshy Tentacle",
			"name": "Tentacule épaisse",
			"description": ""
		},
		{
			"id": "Glowing Skin",
			"name": "Groin poilu",
			"description": ""
		},
		{
			"id": "Hateful Impulses",
			"name": "Pulsions de haine",
			"description": ""
		},
		{
			"id": "Hollow Heart",
			"name": "Coeur desseché",
			"description": ""
		},
		{
			"id": "Inhuman Beauty",
			"name": "Beauté surnaturelle",
			"description": ""
		},
		{
			"id": "Inverted Face",
			"name": "Visage inversé",
			"description": ""
		},
		{
			"id": "Iron Skin",
			"name": "Peau d'acier",
			"description": ""
		},
		{
			"id": "Jealous Thoughts",
			"name": "Pensées envieuses",
			"description": ""
		},
		{
			"id": "Lolling Tongue",
			"name": "Langue pendante",
			"description": ""
		},
		{
			"id": "Lonely Spirit",
			"name": "Esprit solitaire",
			"description": ""
		},
		{
			"id": "Mental Blocks",
			"name": "Blocage mental",
			"description": ""
		},
		{
			"id": "Patchy Feathers",
			"name": "Plumes éparses",
			"description": ""
		},
		{
			"id": "Profane Urgency",
			"name": "Urgence profanatoire",
			"description": ""
		},
		{
			"id": "Shaky Morale",
			"name": "Morale douteuse",
			"description": ""
		},
		{
			"id": "Short Legs",
			"name": "Court sur pattes",
			"description": ""
		},
		{
			"id": "Suspicious Mind",
			"name": "Esprit suspicieux",
			"description": ""
		},
		{
			"id": "Thorny Scales",
			"name": "Ecailles épineuses",
			"description": ""
		},
		{
			"id": "Thrill Hunter",
			"name": "Accro à l'adrénaline",
			"description": ""
		},
		{
			"id": "Tortured Visions",
			"name": "Visions Torturées",
			"description": ""
		},
		{
			"id": "Totally Unhinged",
			"name": "Totalement déséquilibré",
			"description": ""
		},
		{
			"id": "Unending Malice",
			"name": "Infinie malveillance",
			"description": ""
		},
		{
			"id": "Uneven Horns",
			"name": "Cornes asymétriques",
			"description": ""
		},
		{
			"id": "Unholy Rage",
			"name": "Colère Impie",
			"description": ""
		},
		{
			"id": "Weeping Pus",
			"name": "Suintement de Pus",
			"description": ""
		},
		{
			"id": "Whiskered Snout",
			"name": "Whiskered Snout",
			"description": ""
		},
		{
			"id": "Worried Jitters",
			"name": "Worried Jitters",
			"description": ""
		}
	]
}
