{
	"label": "Carrières",
	"mapping": {
    "skills": {
      "path": "data.skills",
      "converter": "career_skills"
    },
    "talents": {
      "path": "data.talents",
      "converter": "career_talents"
    },
    "class": {
      "path": "data.class.value",
      "converter": "generic_localization"
    },
    "careergroup": {
      "path": "data.careergroup.value",
      "converter": "career_careergroup"
    },
    "trappings": "data.trappings"
  },
	"entries": [
		{
			"id": "Abbess",
			"name": "Abbesse",
			"description": "",
      "trappings": [	"Abbaye","Livre (Théologie)"]
		},
		{
			"id": "Advisor",
			"name": "Conseiller",
			"description": "",
      "trappings": [ "Livrée" ]
		},
		{
			"id": "Agent",
			"name": "Agent secret",
			"description": "",
			"trappings": [
				"Livre (Cryptographie)",
				"Réseau d'espion et d'informateurs",
				"Pigeons voyageurs",
				"Plume et encre"
			]
		},
		{
			"id": "Agitator",
			"name": "Agitateur",
			"description": "",
			"trappings": [
				"Veste de Cuir"
			]			
		},
		{
			"id": "Aide",
			"name": "Assistant",
			"description": "",
			"trappings": [
				"Nécessaire d'écriture"
			]
		},
		{
			"id": "Ambassador",
			"name": "Ambassadeur",
			"description": "",
			"trappings": [
				"Assistant",
				"Vêtements de cour de haute qualité",
				"Bâton de diplomate",
				"Héraut"
			]
		},
		{
			"id": "Apothecary",
			"name": "Apothicaire",
			"description": "",
			"trappings": [
				"Licence de Guilde",
				"Outils de la profession"
			]
		},		
		{
			"id": "Apothecary's Apprentice",
			"name": "Apprenti Apothicaire",
			"description": "",
      "trappings": [
				"Livre (Vierge)",
				"Décoction de guérison",
				"Pourpoint de cuir",
				"Pilon et mortier"
			]
		},
		{
			"id": "Apothecary-General",
			"name": "Eminent Apothicaire",
			"description": "",
			"trappings": [
				"Bon de commande",
				"Grand atelier"
			]						
		},
		{
			"id": "Apprentice Artisan",
			"name": "Apprenti Artisan",
			"description": "",
			"trappings": [
				"Craie",
				"Pourpoint de cuir",
				"d10 chiffons"
			]			
		},
		{
			"id": "Apprentice Artist",
			"name": "Artiste apprenti",
			"description": "",
      "trappings": [
				"Pinceau ou Ciseau ou Plume d'oie"
			]
		},
		{
			"id": "Artisan",
			"name": "Artisan",
			"description": "",
			"trappings": [
				"Licence de Guilde",
				"Outils de la profession"
			]			
		},
		{
			"id": "Artist",
			"name": "Artiste",
			"description": "",
			"trappings": [
				"Besace contenant les outils de la profession (Artiste)"
			]			
		},
		{
			"id": "Assassin",
			"name": "Assassin",
			"description": "",
      "trappings": [
				"Arbalète avec 10 carreaux",
				"Nécessaire de déguisement"
			]
		},
		{
			"id": "Attendant",
			"name": "Suivant",
			"description": "",
			"trappings": [
				"Livrée de qualité",
				"Lampe Tempête",
				"Briquet",
				"Huile de lampe"
			]			
		},
		{
			"id": "Bailiff",
			"name": "Bailli",
			"trappings": [
				"Veste de Cuir",
				"3 collecteurs de taxes"
			]			
		},
		{
			"id": "Bandit King",
			"name": "Roi des bandits",
			"trappings": [
				"Fief de chef de bande",
				"Antre"
			]			
		},
		{
			"id": "Barge Master",
			"name": "Maître de barge",
			"trappings": [
				"Chaapeau",
				"Bateau de rivière et équipage"
			]			
		},
		{
			"id": "Bargeswain",
			"name": "Conducteur de barges",
      "trappings": [
				"Sac à dos",
				"Outils de la profession (Charpentier)"
			]
		},
		{
			"id": "Barrister",
			"name": "Maître du Barreau",
			"description": "",
			"trappings": [
				"Bureau",
				"Assistant (Etudiant ou Serviteur)"
			]			
		},
		{
			"id": "Bawd",
			"name": "Entremetteur",
			"trappings": [
				"Dose de Mystracine",
				"Vêtements de qualité"
			]			
		},
		{
			"id": "Beggar",
			"name": "Mendiant",
			"description": "",
			"trappings": [
				"Cruche",
				"Bol"
			]			
		},
		{
			"id": "Beggar King",
			"name": "Roi des Mendiants",
			"description": "",
			"trappings": [
				"Antre",
				"Bande de mendiants"
			]			
		},
		{
			"id": "Black Marketeer",
			"name": "Professionnel du marché noir",
			"trappings": [
				"Homme de main",
				"Réseau d'informateurs",
				"Entrepôt"
			]			
		},
		{
			"id": "Boat-hand",
			"name": "Canotier",
			"trappings": [
				"Arme à 1 main (Crochet de bateau)",
				"Veste de cuir",
				"Perche"
			]			
		},
		{
			"id": "Boatman",
			"name": "Batelier",
			"trappings": [
				"Corde",
				"Barque"
			]			
		},
		{
			"id": "Boatswain",
			"name": "Maître d'équipage",
			"trappings": [
				"Outils de la profession (Charpentier)"
			]			
		},
		{
			"id": "Body Snatcher",
			"name": "Ecorcheur",
			"trappings": [
				"Pied de biche",
				"Charrette à bras",
				"Cape à capuche",
				"Bâche en toile"
			]			
		},
		{
			"id": "Bounty Hunter",
			"name": "Chasseur de primes",
			"trappings": [
				"Arbalète et 10 carreaux",
				"Calotte de cuir",
				"Menottes",
				"Filet",
				"Avis de recherche"
			]			
		},
		{
			"id": "Bounty Hunter General",
			"name": "Chasseur de primes vétéran",
			"trappings": [
				"Cheval de trait et chariot",
				"Chemise de mailles",
				"4 paires de menottes"
			]			
		},
		{
			"id": "Braggart",
			"name": "Matamore",
			"trappings": [
				"Capuche ou Masque",
				"Cistes",
				"Veste de cuir"
			]			
		},
		{
			"id": "Brigand",
			"name": "Bandit",
			"trappings": [
				"Sac de couchage",
				"Arme à 1 main",
				"Pourpoint de cuir",
				"Briquet"
			]			
		},
		{
			"id": "Broker",
			"name": "Brocanteur",
			"trappings": [
				"Arme à 1 main",
				"Biens volés d'une valeur de 3d10 Pistoles"
			]			
		},		{
			"id": "Burgomeister",
			"name": "Bourgmestre",
			"description": "",
			"trappings": [
				"Chaine officielle",
				"Diligence et valet de pied",
				"Vêtements de qualité",
				"Grand hôtel particulier avec jardins et serviteurs"
			]			
		},
		{
			"id": "Busker",
			"name": "Musicien des rues",
			"trappings": [
				"Bol",
				"Instrument"
			]			
		},
		{
			"id": "Cargo Scavenger",
			"name": "Charognard de fret",
			"trappings": [
				"Pied de piche",
				"Grand sac",
				"Gants en cuir"
			]			
		},
		{
			"id": "Cat Burglar",
			"name": "Cambrioleur",
			"trappings": [
				"Vêtements sombre",
				"Grappin",
				"Masque ou Echarpes"
			]
		},
		{
			"id": "Cavalryman",
			"name": "Cavalier",
			"trappings": [
				"Plastron d'acier",
				"Heaum",
				"Cheval de guerre léger avec selles et fontes",
				"Pistolet avec 10 balles",
				"Bouclier"
			]
		},		
		{
			"id": "Chancellor",
			"name": "Chancelier",
			"description": "",
			"trappings": [
				"Cheval de selle avec selle et harnais",
				"Costume luxueus et de qualité",
				"Bâton de conseillers et Assistants"
			]			
		},
		{
			"id": "Charlatan",
			"name": "Charlatan",
			"trappings": [
				"1 faux document",
				"2 ensembles de vêtements de qualité",
				"Assortiment de poudres colorées et d'eau",
				"Assortiment de breloques et colifichets"
			]			
		},
		{
			"id": "Chartered Engineer",
			"name": "Ingénieur Agrée",
			"description": "",
			"trappings": [
				"Licence de Guilde",
				"Bibliothèque (Ingénieur)",
				"Outils de qualite (Ingénieur)",
				"Grand atelier (Ingénieur)"
			]			
		},
		{
			"id": "Clerk",
			"name": "Greffier",
			"description": "",
			"trappings": [
				"Hébergement",
				"Bonnes chaussures"
			]
		},
		{
			"id": "Coach Master",
			"name": "Maître cocher",
			"trappings": [
				"Chemise de mailles",
				"Pistolet",
				"Manteau de qualité"
			]			
		},
		{
			"id": "Coachman",
			"name": "Cocher",
			"trappings": [
				"Tromblon avec 10 balles",
				"Corne de cochet",
				"Veste de cuir",
				"Chapeau"
			]			
		},
		{
			"id": "Con Artist",
			"name": "Arnaqueur",
			"trappings": [
				"Nécessaire de déquisement",
				"Cochets de serrurier",
				"Divers faux documents"
			]			
		},
		{
			"id": "Councilor",
			"name": "Echevin",
			"trappings": [
				"Mule et chariot",
				"Maison de village et atelier"
			]			
		},
		{
			"id": "Counsellor",
			"name": "Consultant",
			"description": "",
			"trappings": [
				"Vêtements de qualité",
				"Assistant"
			]			
		},
		{
			"id": "Courier",
			"name": "Estafette",
			"trappings": [
				"Sac à dos",
				"Sacoches",
				"Bouclier"
			]			
		},
		{
			"id": "Courier-Captain",
			"name": "Messager vétéran",
			"trappings": [
				"Estafettes",
				"Chemise de mailles",
				"Nécessaire d'écriture"
			]			
		},
		{
			"id": "Court Physician",
			"name": "Médecin de la cour",
			"description": "",
			"trappings": [
				"Tenue d'apparat",
				"Lettre d'engagement"
			]
		},
		{
			"id": "Crime Lord",
			"name": "Baron du crime",
			"trappings": [
				"Réseau d'informateurs",
				"Vêtements de qualité et Chapeau",
				"Chef de bandes subordonnés"
			]			
		},
		{
			"id": "Custodian",
			"name": "Gardien",
			"description": "",
			"trappings": [
				"Clés",
				"Lanterne",
				"Huile de lampe",
				"Livrée"
			]			
		},
		{
			"id": "Daemon Slayer",
			"name": "Tueur de Démons",
			"trappings": [
				"Tête de Dragon"
			]			
		},
		{
			"id": "Demagogue",
			"name": "Démagogue",
			"description": "",
			"trappings": [
				"3 pamphlets",
				"Mécène",
				"Presse à imprimer",
				"Chapeau impressionnant"
			]			
		},
		{
			"id": "Detective",
			"name": "Détective",
			"description": "",
			"trappings": [
				"Réseau d'informateurs",
				"Longue vue"
			]			
		},
		{
			"id": "Diplomat",
			"name": "Diplomate",
			"description": "",
			"trappings": [
				"Assistant",
				"Vêtements de qualité",
				"Carte"
			]			
		},
		{
			"id": "Dock Master",
			"name": "Maître des docks",
			"trappings": [
				"Bureau et Baton",
				"Nécessaire d'écriture"
			]			
		},
		{
			"id": "Dockhand",
			"name": "Porteur",
			"trappings": [
				"Arme à 1 main (Crochet de bateau)",
				"Gants en cuir"
			]			
		},
		{
			"id": "Doktor",
			"name": "Docteur en médécine",
			"description": "",
			"trappings": [
				"Apprenti",
				"Cabinet de médecin"
			]			
		},
		{
			"id": "Dragon Slayer",
			"name": "Tueur de Dragons",
			"trappings": [
				"Têtes de géants",
				"Hache de lancer"
			]			
		},
		{
			"id": "Duelist",
			"name": "Duelliste",
			"description": "",
			"trappings": [
				"Main Gauche ou Brise-épée",
				"Pistolet avec poudre et munitions"
			]			
		},
		{
			"id": "Duelmaster",
			"name": "Maître duelliste",
			"description": "",
			"trappings": [
				"Rapière de qualité",
				"Arme à 1 main",
				"Second de confiance",
				"2 épées d'entraînement en bois"
			]			
		},
		{
			"id": "Engineer",
			"name": "Ingénieur",
			"description": "",
			"trappings": [
				"Licence de Guilde",
				"Outils de la profession"
			]			
		},
		{
			"id": "Entertainer",
			"name": "Saltimbanque",
			"trappings": [
				"Costume",
				"Instrument",
				"Sélection de partitions (que vous ne savez pas lire)",
				"Armes de jet"
			]			
		},
		{
			"id": "Envoy",
			"name": "Emissaire",
			"description": "",
			"trappings": [
				"Encre et plume",
				"10 feuilles de parchemin"
			]			
		},
		{
			"id": "Explorer",
			"name": "Explorateur",
			"trappings": [
				"Sélection de cartes",
				"Outil de la profession (Cartographe)"
			]			
		},
		{
			"id": "Exterminator",
			"name": "Exterminateur",
			"description": "",
			"trappings": [
				"Assistant",
				"Grand chien vicieux",
				"Sac d'appas empoisonnés (10 doses de brise-coeur)"
			]			
		},
		{
			"id": "Fellow",
			"name": "Chercheur",
			"description": "",
			"trappings": [
				"Mortier",
				"Robes"
			]			
		},
		{
			"id": "Fence",
			"name": "Receleur",
			"trappings": [
				"Bésicles",
				"Outils de la profession (Graveur)",
				"Nécessaire d'écriture"
			]			
		},
		{
			"id": "Fencer",
			"name": "Escrimeur",
			"description": "",
			"trappings": [
				"Arme à 1 main ou Rapière",
				"Sacoche contenant des vêtements et 1d10 bandages"
			]			
		},
		{
			"id": "First Knight",
			"name": "Chevalier commandeur",
      "trappings": [
				"Carapaçon",
				"Petite unité de chevaliers"
			]			
		},
		{
			"id": "Flagellant",
			"name": "Flagellant",
			"trappings": [
				"Affiche",
				"Symbole religieux",
				"Fronde"
			]
		},		
		{
			"id": "Foreman",
			"name": "Contremaître",
			"trappings": [
				"Gang de débardeur",
				"Sifflet"
			]			
		},
		{
			"id": "Fortune Teller",
			"name": "Voyant",
			"trappings": [
				"Paquet de cartes ou Dés",
				"Bijoux bas de gamme"
			]			
		},
		{
			"id": "Gang Boss",
			"name": "Boss de gang",
			"trappings": [
				"Arbalète à répétition avec 10 carreaux",
				"Bande de Voyous et Rançonneurs",
				"Antre"
			]			
		},
		{
			"id": "Giant Slayer",
			"name": "Tueur de Géants",
			"trappings": [
				"Grande Hache",
				"Bijoux",
				"Tête de Troll"
			]			
		},
		{
			"id": "Governor",
			"name": "Gouverneur",
			"description": "",
			"trappings": [
				"Assistant",
				"Résidence de Gouverneur",
				"Serviteur"
			]			
		},
		{
			"id": "Grave Robber",
			"name": "Pilleur de tombes",
			"trappings": [
				"Sac à dos",
				"Arme à 1 main",
				"Epieu",
				"Lampe tempête et huile"
			]			
		},
		{
			"id": "Greenfish",
			"name": "Alevin",
			"trappings": [
				"Seau",
				"Hameçons et canne",
				"Jambières de cuir"
			]			
		},
		{
			"id": "Guard",
			"name": "Garde",
			"trappings": [
				"Arc avec 10 flèches",
				"Chemise de mailles",
				"Bouclier",
				"Lance"
			]			
		},
		{
			"id": "Guard Officer",
			"name": "Officier de la garde",
			"trappings": [
				"Cuirasse"
			]
		},
		{
			"id": "Guide",
			"name": "Coureur de bois",
			"trappings": [
				"Arme à 1 main",
				"Veste en cuir",
				"Chaussures confortable et Cape",
				"Corde"
			]			
		},
		{
			"id": "Guildmaster",
			"name": "Maître de Guilde",
			"description": "",
			"trappings": [
				"Guilde",
				"Vêtements de qualité"
			]			
		},
		{
			"id": "Hedge Apprentice",
			"name": "Apprenti Sorcier de Village",
			"trappings": [
				"1d10 collier de chance",
				"Baton de combat",
				"Sac à dos"
			]			
		},
		{
			"id": "Hedge Master",
			"name": "Maître Sorcier de village",
			"trappings": [
				"Hutte isolée",
				"Apprenti"
			]			
		},
		{
			"id": "Hedge Witch",
			"name": "Sorcier de village",
			"trappings": [
				"Nécessaire antipoison",
				"Cataplasme de guérison",
				"Outil de la profession (Herboriste)"
			]			
		},
		{
			"id": "Hedgewise",
			"name": "Sage de village",
			"trappings": [
				"Assortiment de crânes d'animaux",
				"Cape et coiffe de cérémonie"
			]			
		},
		{
			"id": "Herald",
			"name": "Héraut",
			"description": "",
			"trappings": [
				"Veste de cuir",
				"Livrée",
				"Etui à parchemins"
			]			
		},
		{
			"id": "Herb Gatherer",
			"name": "Cueilleur",
			"trappings": [
				"Botes",
				"Manteau",
				"Sacoche avec assortiments d'herbes"
			]			
		},
		{
			"id": "Herb Master",
			"name": "Maître Herboriste",
			"trappings": [
				"Cueilleur",
				"3 Potions de Guérison",
				"Potion de soins",
				"Atelier (Herboriste)"
			]			
		},
		{
			"id": "Herbalist",
			"name": "Herboriste",
			"trappings": [
				"Arme à 1 main (Serpe)",
				"Cataplasme de Guérison",
				"Outil de la profession (Herboriste)"
			]			
		},
		{
			"id": "Herbwise",
			"name": "Herboriste suprême",
			"trappings": [
				"Poney et charette"
			]			
		},
		{
			"id": "Hexer",
			"name": "Ensorceleur",
			"trappings": [
				"Bougies",
				"Craie",
				"Poupée",
				"Epingles"
			]			
		},
		{
			"id": "High Priest",
			"name": "Haut Prêtre",
			"description": "",
			"trappings": [
				"Robes de qualité",
				"Relique religieuse",
				"Prêtres subordonnés",
				"Temple"
			]			
		},
		{
			"id": "Hitman",
			"name": "Tueur à gages",
			"trappings": [
				"Cape",
				"Garot",
				"Poison",
				"Couteaux de lancer"
			]			
		},
		{
			"id": "Honor Guard",
			"name": "Garde d'honneur",
			"trappings": [
				"Arme lourde ou Hallebarde",
				"Heaume",
				"Uniforme"
			]			
		},
		{
			"id": "Horseman",
			"name": "Page",
			"trappings": [
				"Veste de cuir",
				"Cheval de selle avec fontes et selle"
			]			
		},
		{
			"id": "Huffer",
			"name": "Nautonier",
			"trappings": [
				"Pourpoint de cuir",
				"Corde",
				"Barque"
			]			
		},
		{
			"id": "Hunter",
			"name": "Chasseur",
			"trappings": [
				"Arc avec 10 flèches"
			]			
		},
		{
			"id": "Huntsmaster",
			"name": "Maître Chasseur",
			"trappings": [
				"Cheval de selle avec fontes et selle",
				"Meute de chiens de chasse"
			]			
		},
		{
			"id": "Hustler",
			"name": "Prostitué",
			"trappings": [
				"Fiole de Parfum"
			]			
		},
		{
			"id": "Informer",
			"name": "Informateur",
			"description": "",
			"trappings": [
				"Batonnet de fusao,",
				"Sacoche contenant 2 ensemble de vêtements et manteau à capuche"
			]			
		},
		{
			"id": "Initiate",
			"name": "Initié",
			"description": "",
			"trappings": [
				"Symbole Religieux",
				"Robes"
			]			
		},
		{
			"id": "Inquisitor",
			"name": "Inquisiteur",
			"trappings": [
				"Vêtement de qualité",
				"Interrogateurs subordonnés"
			]			
		},
		{
			"id": "Interrogator",
			"name": "Interrogateur",
			"trappings": [
				"Arme à 1 main",
				"Instruments de Torture"
			]			
		},
		{
			"id": "Investigator",
			"name": "Enquêteur",
			"description": "",
			"trappings": [
				"Veste en cuir",
				"Arme à 1 main",
				"Loupe",
				"Crochets de serrurier"
			]			
		},
		{
			"id": "Judge",
			"name": "Juge",
			"description": "",
			"trappings": [
				"Maillet",
				"Perruque Ostentatoire"
			]			
		},
		{
			"id": "Judicial Champion",
			"name": "Champion de justice",
			"description": "",
			"trappings": [
				"2 Armes de qualité"
			]			
		},
		{
			"id": "Knight",
			"name": "Chevalier",
			"trappings": [
				"Destrier avec fontes et selle",
				"Arme à 1 main (Au choix)",
				"Lance",
				"Armure de plates et Heaume"
			]			
		},
		{
			"id": "Knight of the Inner Circle",
			"name": "Chevalier du cercle intérieur",
			"trappings": [
				"Grand Heaume avec Plumes",
				"Ecuyer",
				"Grande unité de Chevaliers ou plusieurs petites unités de Chevaliers"
			]			
		},
		{
			"id": "Landsman",
			"name": "Marin d'eau douce",
			"trappings": [
				"Seau",
				"Brosse",
				"Balai"
			]			
		},
		{
			"id": "Lawyer",
			"name": "Juriste",
			"description": "",
			"trappings": [
				"Robes de court",
				"License de Guilde",
				"Nécessaire d'écriture"
			]			
		},
		{
			"id": "Lector",
			"name": "Conférencier",
			"description": "",
			"trappings": [
				"Bibliothèque (Théologie)",
				"Grand Prêtes subordonnés"
			]			
		},
		{
			"id": "Light Cavalry Officer",
			"name": "Officier de cavalerie",
			"trappings": [
				"Paquet de cartes",
				"Vêtements de qualité"
			]			
		},
		{
			"id": "Light Cavalry Sergeant",
			"name": "Sergent de cavalerie",
			"trappings": [
				"Insigne"
			]			
		},
		{
			"id": "Maestro",
			"name": "Maestro",
			"description": "",
			"trappings": [
				"Grand atelier (Artiste)",
				"Bibliothèque (Art)",
				"3 Apprentis"
			]			
		},
		{
			"id": "Magistrate",
			"name": "Magistrat",
			"description": "",
			"trappings": [
				"Bibliothèque (Droit)",
				"Robes de qualité",
				"Sceau"
			]			
		},
		{
			"id": "Magnate",
			"name": "Magnat",
			"description": "",
			"trappings": [
				"2 ensemble de vêtements de cour de qualité",
				"200 GC",
				"Fief",
				"Bijoux d'une valeur de 200 GC",
				"Anneau de signature"
			]			
		},
		{
			"id": "Master Apothecary",
			"name": "Maitre Apothicaire",
			"description": "",
			"trappings": [
				"Bibliothèque (Apothicaire)",
				"Apprenti",
				"Atelier"
			]			
		},
		{
			"id": "Master Artisan",
			"name": "Maître Artisan",
			"description": "",
			"trappings": [
				"Apprenti",
				"Atelier"
			]			
		},
		{
			"id": "Master Artist",
			"name": "Maître Artiste",
			"description": "",
			"trappings": [
				"Apprenti",
				"Mécène",
				"Atelier (Artiste)"
			]			
		},
		{
			"id": "Master Beggar",
			"name": "Maître Mendiant",
			"description": "",
			"trappings": [
				"Nécessaire de déguisement",
				"Cachette",
				"Suivant pauvre"
			]			
		},
		{
			"id": "Master Bounty Hunter",
			"name": "Maître chasseur de primes",
			"trappings": [
				"Chemise de mailles",
				"Cheval de selle et selle"
			]
		},
		{
			"id": "Master Engineer",
			"name": "Maître Ingénieur",
			"description": "",
			"trappings": [
				"Atelier"
			]			
		},
		{
			"id": "Master Fence",
			"name": "Maître receleur",
			"trappings": [
				"Boutique de receleur"
			]			
		},
		{
			"id": "Master Investigator",
			"name": "Maître investigateur",
			"description": "",
			"trappings": [
				"Assistant",
				"Bureaux"
			]
		},
		{
			"id": "Master Merchant",
			"name": "Maître Marchand",
			"description": "",
			"trappings": [
				"Maison de ville avec Serviteurs",
				"Entrepot",
				"100 CO"
			]			
		},
		{
			"id": "Master Miner",
			"name": "Maître Mineur",
			"trappings": [
				"Arme Longue (Pique à 2 mains)",
				"Heaume",
				"Outils (Ingénieur)"
			]			
		},
		{
			"id": "Master Pedlar",
			"name": "Maître colporteur",
			"trappings": [
				"Charette à bras",
				"Biens pour une valeur de 2d10 CO"
			]			
		},
		{
			"id": "Master Pilot",
			"name": "Maître nocher",
			"trappings": [
				"Mousse",
				"Petite bateau de rivière"
			]
		},
		{
			"id": "Master Smuggler",
			"name": "Maître contrebandier",
			"trappings": [
				"Coureur de rivières",
				"Bateau de transport fluvial rapide"
			]			
		},
		{
			"id": "Master Thief",
			"name": "Maître voleur",
			"trappings": [
				"Arbalète à répétition avec 10 carreaux"
			]			
		},
		{
			"id": "Master Wizard",
			"name": "Maître Sorcier",
			"description": "",
			"trappings": [
				"Apprenti",
				"Cheval de guerre léger",
				"Objet Magique"
			]			
		},
		{
			"id": "Menial",
			"name": "Domestique",
			"description": "",
			"trappings": [
				"Balai brosse"
			]			
		},
		{
			"id": "Merchant",
			"name": "Marchant",
			"description": "",
			"trappings": [
				"Péniche fluviale ou 2 charriots",
				"Licence de Guilde",
				"20 CO"
			]			
		},
		{
			"id": "Merchant Prince",
			"name": "Prince Marchand",
			"description": "",
			"trappings": [
				"2 Péniche fluviable ou 4 charriots",
				"Grande zone immobilière",
				"2 Entrepots",
				"1000 CO",
				"Vêtements de qualité"
			]			
		},
		{
			"id": "Messenger",
			"name": "Messager",
			"trappings": [
				"Arme à 1 main",
				"Veste en cuir",
				"Cheval de selle avec Fontes et Selle"
			]			
		},
		{
			"id": "Mine Foreman",
			"name": "Contremaître de Mine",
			"trappings": [
				"Equipe de mineurs",
				"Nécessaire d'écriture"
			]			
		},
		{
			"id": "Miner",
			"name": "Mineur",
			"trappings": [
				"Lampe Darvich",
				"Arme à 1 main (Pique)",
				"Huile de lampe",
				"Veste de cuir"
			]			
		},
		{
			"id": "Mystic",
			"name": "Mystique",
			"trappings": [
				"Assortiment d'amulettes"
			]			
		},
		{
			"id": "Noble",
			"name": "Noble",
			"description": "",
			"trappings": [
				"4 Serviteurs de maison",
				"Vêtement de cour de qualité",
				"Tenue courtoise",
				"Cheval de selle avec selle, harnais ou Diligence",
				"Main Gauche ou Manteau de qualité",
				"Bijoux d'une valeur de 50 CO"
			]			
		},
		{
			"id": "Noble Lord",
			"name": "Noble Seigneur",
			"description": "",
			"trappings": [
				"4 ensembles de vêtements de court d'excellente qualité",
				"Quality Foil or Miroir",
				"500 CO",
				"Bijoux d'une valeur de 500 CO",
				"Province"
			]
		},
		{
			"id": "Novitiate",
			"name": "Novice",
			"trappings": [
				"Lvre (Religion)",
				"Pourpoint de cuir",
				"Symbole Religieux",
				"Robes",
				"Arme (Au choix)"
			]			
		},
		{
			"id": "Novitiate",
			"name": "Nonne Novice",
			"description": "",
      "trappings": [
        "Symboles Religieux",
				"Robes"
			]
		},
		{
			"id": "Nun",
			"name": "Nonne",
			"description": "",
			"trappings": [
				"Livre (Religion)",
				"Relique Religieuse",
				"Outils de la profession (Au choix)"
			]			
		},
		{
			"id": "Officer",
			"name": "Officier",
			"trappings": [
				"Lettre de mission",
				"Cheval de guerre léger avec sell et fontes",
				"Carte",
				"Odres",
				"Unité de Soldats",
				"Uniforme de qualité",
				"Symbole du rang"
			]			
		},
		{
			"id": "Outlaw",
			"name": "Hors-la-loi",
			"trappings": [
				"Arc avec 10 flèches",
				"Bouclier",
				"Tente"
			]			
		},
		{
			"id": "Outlaw Chief",
			"name": "Chef de bande",
			"trappings": [
				"Heaume",
				"Cheval de selle avec selle et fontes",
				"Chemise de mailles",
				"Bande de Hors-la-Loi"
			]			
		},
		{
			"id": "Pamphleteer",
			"name": "Pamphlétaire",
			"description": "",
			"trappings": [
				"Nécessaire d'écriture",
				"Marteau et clous",
				"Pile d'affichettes"
			]			
		},
		{
			"id": "Pathfinder",
			"name": "Guide",
			"trappings": [
				"Carte",
				"Cheval des selle avec fontes et selle",
				"Sacoche avec 2 semaines de rations",
				"Tente"
			]
		},
		{
			"id": "Pauper",
			"name": "Indigent",
			"description": "",
			"trappings": [
				"Vest de mauvaise qualité",
				"Coupe"
			]			
		},
		{
			"id": "Peasant",
			"name": "Paysan",
			"trappings": [
				"Aucun"
			]			
		},
		{
			"id": "Pedlar",
			"name": "Colporteur",
			"trappings": [
				"Mule et sacoches",
				"Biens pour une valeur de 2d10 pistoles",
				"Assortiments de pots et poêles",
				"Trade Tools (Médecine)"
			]			
		},
		{
			"id": "Penitent",
			"name": "Pénitent",
      "trappings": [
				"Relique Religieuse"
			]
		},
		{
			"id": "Physician",
			"name": "Médecin",
			"description": "",
			"trappings": [
				"Livre (Medecine)",
				"Licence de Guilde",
				"Outils de la profession (Médecine)"
			]
		},
		{
			"id": "Physician's Apprentice",
			"name": "Apprenti Medecin",
			"description": "",
			"trappings": [
				"Bandages",
				"Potion de Guérison"
			]
		},
		{
			"id": "Pilot",
			"name": "Pilote",
			"trappings": [
				"Perche",
				"Lampe Tempête et Huile"
			]			
		},
		{
			"id": "Pit Champion",
			"name": "Champion de Fosse",
			"trappings": [
				"Cuirasse",
				"Heaume"
			]			
		},
		{
			"id": "Pit Fighter",
			"name": "Gladiateur",
			"trappings": [
				"Fléau ou Arme Loude",
				"Arme à 1 main",
				"Filet ou Fouet",
				"Bouclier ou Brise-Lame"
			]			
		},
		{
			"id": "Pit Legend",
			"name": "Légende de la Fosse",
			"trappings": [
				"Casque de qualité"
			]
		},
		{
			"id": "Postilion",
			"name": "Postillon",
			"trappings": [
				"Manteau et gant chaud",
				"Fouet"
			]			
		},
		{
			"id": "Priest",
			"name": "Prêtre",
			"description": "",
			"trappings": [
				"Livre (Religion)",
				"Robes de Cérémonie"
			]			
		},
		{
			"id": "Priest Captain",
			"name": "Prêtre Capitaine",
			"trappings": [
				"Relique Religieuse"
			]			
		},
		{
			"id": "Priest Sergeant",
			"name": "Prêtre Sergent",
			"trappings": [
				"Cheval de guerre léger avec selle et fontes"
			]			
		},
		{
			"id": "Prioress General",
			"name": "Prieure Générale",
			"description": "",
      "trappings": [
        "Ordre Religieux"
			]
		},
		{
			"id": "Procurer",
			"name": "Souteneur",
			"trappings": [
				"Un cercle 'entremetteurs"
			]
		},
		{
			"id": "Professor",
			"name": "Pofesseur",
			"description": "",
			"trappings": [
				"Etude"
			]			
		},
		{
			"id": "Prophet of Doom",
			"name": "Prophète du Destin",
			"trappings": [
				"Livre (Religion)",
				"Suivants (avec des Penitents)",
				"Flagellants",
				"et Zélotes)"
			]			
		},
		{
			"id": "Prospector",
			"name": "Prospecteur",
			"trappings": [
				"Batonnet de charbon",
				"Map sommaire",
				"Poe",
				"Bêche"
			]			
		},
		{
			"id": "Protagonist",
			"name": "Spadassin",
			"trappings": [
				"Arme à 1 main",
				"Chemise de mailles",
				"Cheval de selle avec fontes et selle",
				"Bouclier"
			]			
		},
		{
			"id": "Prowler",
			"name": "Rôdeur",
			"trappings": [
				"Pied de biche",
				"Pourpoint de cuir",
				"Sac"
			]			
		},
		{
			"id": "Pugilist",
			"name": "Pugiliste",
			"trappings": [
				"Bandages",
				"Cistes",
				"Veste de cuir"
			]			
		},
		{
			"id": "Rabble Rouser",
			"name": "Fauteur de Troubles",
			"description": "",
			"trappings": [
				"Arme à 1 main",
				"Pamphlet"
			]			
		},
		{
			"id": "Racketeer",
			"name": "Rançonneur",
			"trappings": [
				"Arme à 1 main",
				"Chapeau",
				"Chemise de mailles"
			]
		},
		{
			"id": "Rat Catcher",
			"name": "Ratier",
			"description": "",
			"trappings": [
				"Pièges à animaux",
				"Perche de rats morts"
			]			
		},
		{
			"id": "Rat Hunter",
			"name": "Chasseur de Rat",
			"description": "",
			"trappings": [
				"Fronde avec munitions",
				"Sac",
				"Petit chien vicieux"
			]			
		},
		{
			"id": "Recruit",
			"name": "Recrue",
			"trappings": [
				"Dague",
				"Pourpoint de cuir",
				"Uniforme"
			]			
		},
		{
			"id": "Reeve",
			"name": "Préfet",
			"trappings": [
				"Cheval avec selles et fontes",
				"Plastron",
				"Bailli"
			]
		},
		{
			"id": "Ringleader",
			"name": "Meneur",
			"trappings": [
				"Maison de ville avec une entrée discrête",
				"Un cercle d'entremetteurs"
			]		
		},
		{
			"id": "River Elder",
			"name": "Sage des rivières",
			"trappings": [
				"Hutte ou barge fluviale"
			]			
		},
		{
			"id": "River Pirate",
			"name": "Pirate des rivières",
			"trappings": [
				"Arbalète avec 10 careaux",
				"Grapping avec corde",
				"Barge fluviale"
			]			
		},
		{
			"id": "River Recruit",
			"name": "Recrue fluviale",
			"trappings": [
				"Arme à 1 main (Epée)",
				"Veste de cuir",
				"Uniforme"
			]			
		},
		{
			"id": "River Runner",
			"name": "Coureur de rivières",
			"trappings": [
				"Grand sac",
				"Masque ou Echarpes",
				"Briquet",
				"Lampe Tempête et Huile"
			]			
		},
		{
			"id": "Riverguide",
			"name": "Guide de rivière",
			"trappings": [
				"Arme à 1 main (Gaffe)",
				"Lampe Tempête et Huile"
			]
		},
		{
			"id": "Riverwarden",
			"name": "Patrouilleur fluvial",
			"trappings": [
				"Lanterne et Huile",
				"Pistolet avec 1à balles",
				"Bouclier"
			]			
		},
		{
			"id": "Riverwise",
			"name": "Sage des rivières",
			"trappings": [
				"Barque à rames",
				"Lampte Temête et Huile"
			]	
		},
		{
			"id": "Riverwoman",
			"name": "Femme du fleuve",
      "trappings": [
				"Piège à anguilles",
				"Pourpoint en cuir",
				"Filet",
				"Lance"
			]
    },
		{
			"id": "Road Captain",
			"name": "Capitaine de la Route",
			"trappings": [
				"Cheval de guerre léger",
				"Pistolet avec 10 balles",
				"Chapeau de qualité et manteau",
				"Unité de patrouilleurs"
			]			
		},    
		{
			"id": "Road Sergeant",
			"name": "Sergent de la route",
			"trappings": [
				"Escouade de patrouilleurs",
				"Pistolet avec 10 balles",
				"Bouclier",
				"Symbole du grade"
			]			
		},
		{
			"id": "Road Warden",
			"name": "Patrouilleur routier",
			"trappings": [
				"Arme à 1 main",
				"Chemise de mailles",
				"Cheval de selle avec fontes et selle",
				"Corde"
			]			
		},
		{
			"id": "Route Master",
			"name": "Maître des routes",
			"trappings": [
				"Flotte de diligences et chevaux",
				"Cartes"
			]			
		},
		{
			"id": "Runner",
			"name": "Coureur",
			"trappings": [
				"Etui à parchemins"
			]			
		},
		{
			"id": "Sage",
			"name": "Sage",
			"trappings": [
				"Outils de la profession (Ecriture)"
			]			
		},
		{
			"id": "Scholar",
			"name": "Erudit",
			"description": "",
			"trappings": [
				"Accés à une bibliothèque",
				"Diplôme"
			]			
		},
		{
			"id": "Scion",
			"name": "Héritier",
			"description": "",
			"trappings": [
				"Tenue courtoise",
				"Foil ou Miroir à mains",
				"Bijoux d'une valeur de 1d10 CO",
				"Serviteur personnel"
			]			
		},
		{
			"id": "Scoundrel",
			"name": "Vaurien",
			"trappings": [
				"Faux sceau",
				"Nécessaire d'écriture"
			]			
		},
		{
			"id": "Scout",
			"name": "Eclaireur",
			"trappings": [
				"Arc et 10 flèches",
				"Chemise de mailles"
			]			
		},
		{
			"id": "Seaman",
			"name": "Marin",
			"trappings": [
				"Arme à 1 main (Gaffe)",
				"Pourpoint de cuir"
			]			
		},
		{
			"id": "Seer",
			"name": "Prophète",
			"trappings": [
				"Outils de la profession (Astrologie)"
			]			
		},
		{
			"id": "Seneschal",
			"name": "Sénéchal",
			"description": "",
			"trappings": [
				"Plastron",
				"Bâton cérémoniel",
				"Equipe de gardiens et concierges"
			]			
		},
		{
			"id": "Sentry",
			"name": "Sentinelle",
			"trappings": [
				"Bocle",
				"Veste en cuir",
				"Lampe Tempête avec Huile"
			]			
		},
		{
			"id": "Sergeant",
			"name": "Sergent",
			"trappings": [
				"Insigne du grade",
				"Unité de troupes"
			]		
		},
		{
			"id": "Servant",
			"name": "Serviteur",
			"description": "",
			"trappings": [
				"Livrée"
			]			
		},
		{
			"id": "Sewer Jack",
			"name": "Egoutier",
			"description": "",
			"trappings": [
				"Lanterne Davrich",
				"Arme à 1 main",
				"Veste de cuir"
			]			
		},
		{
			"id": "Ship's Master",
			"name": "Commandant de navire",
			"trappings": [
				"Règles de navigation",
				"Navire et équipage",
				"Sextant",
				"Longue vue"
			]			
		},
		{
			"id": "Shipsword",
			"name": "Abordeur",
			"trappings": [
				"Grappin",
				"Heaume",
				"Chemise de mailles"
			]			
		},
		{
			"id": "Shipsword Master",
			"name": "Maître abordeur",
			"trappings": [
				"Bateau de patrouille et équipage",
				"Insigne du rang"
			]			
		},
		{
			"id": "Sleuth",
			"name": "Limier",
			"description": "",
			"trappings": [
				"Lanterne",
				"Lampe à Huile",
				"Journal",
				"Plume et Encre"
			]			
		},
		{
			"id": "Smuggler",
			"name": "Contrebandier",
			"trappings": [
				"2 barriques",
				"Arme à 1 main",
				"Veste de Cuir",
				"Barque"
			]			
		},
		{
			"id": "Smuggler King",
			"name": "Roi des contrebandiers",
			"trappings": [
				"Nécessaire de déguisement",
				"Petite flotte de bateau fluviaux"
			]			
		},
		{
			"id": "Soldier",
			"name": "Soldat",
			"trappings": [
				"Plastron",
				"Casque",
				"Arme  1 main (Au choix)"
			]			
		},
		{
			"id": "Spy",
			"name": "Espion",
			"description": "",
			"trappings": [
				"Informateur",
				"Arme à 1 main",
				"Nécessaire de déguisement",
				"Réseau d'informateurs",
				"Longue vue"
			]			
		},
		{
			"id": "Spymaster",
			"name": "Maître Espion",
			"description": "",
      "trappings": [
				"Bureaux et Equipe",
				"Grand réseau d'espions",
				"Espions",
				"Informateurs"
			]
		},
		{
			"id": "Squire",
			"name": "Ecuyer",
			"trappings": [
				"Veste de cuir",
				"Chemise de mailles",
				"Cheval de selle avec fontes et selle",
				"Bouclier",
				"Outils (Maréchal Ferrand)"
			]			
		},
		{
			"id": "Stevedore",
			"name": "Débardeur",
			"trappings": [
				"Licence de Guilde",
				"Veste en cuir",
				"Pipe et Tabac",
				"Casquette de porteur"
			]			
		},
		{
			"id": "Steward",
			"name": "Régisseur",
			"description": "",
			"trappings": [
				"Arme à 1 main",
				"Vêtements de luxe",
				"Serviteur"
			]			
		},
		{
			"id": "Student",
			"name": "Etudiant érudit",
			"description": "",
			"trappings": [
				"Alcoll",
				"Livre",
				"Lettre de Recommandation",
				"Nécessaire d'écriture"
			]			
		},
		{
			"id": "Student Engineer",
			"name": "Etudiant",
			"description": "",
			"trappings": [
				"Livre (Ingénieur)",
				"Marteau et Pointes"
			]			
		},
		{
			"id": "Student Lawyer",
			"name": "Juriste étudiant",
			"description": "",
			"trappings": [
				"Livre (Loi)",
				"Loupe"
			]			
		},
		{
			"id": "Swindler",
			"name": "Escroc",
			"trappings": [
				"Sac à Dos",
				"2 ensemble de vêtements",
				"Paquet de cartes",
				"Dés"
			]			
		},
		{
			"id": "Tax Collector",
			"name": "Percepteur",
			"trappings": [
				"Arme à 1 main",
				"Petite coffre à serrure"
			]			
		},
		{
			"id": "Thief",
			"name": "Voleur",
			"trappings": [
				"Outils (Voleur)",
				"Corde"
			]			
		},
		{
			"id": "Thief-taker",
			"name": "Chasseur de voleurs",
      "trappings": [
				"Arme à 1 main",
				"Pourpoint de cuir",
				"Corde"
			]
		},
		{
			"id": "Thug",
			"name": "Voyou",
			"trappings": [
				"Cistes",
				"Veste de cuir"
			]			
		},
		{
			"id": "Toll Keeper",
			"name": "Garde barrière",
			"trappings": [
				"Arbalète avec 10 carreaux",
				"Veste de cuir"
			]			
		},
		{
			"id": "Tomb Robber",
			"name": "Pilleur de tombeaux",
			"trappings": [
				"Arme à 1 main (Pioche)",
				"Cheval et charrette",
				"Veste de cuir",
				"Corde",
				"Outils (Voleur)"
			]			
		},
		{
			"id": "Town Councilor",
			"name": "Conseiller municipal",
			"description": "",
			"trappings": [
				"Coche et Cocher",
				"Maison de ville"
			]			
		},
		{
			"id": "Townsman",
			"name": "Bourgeois",
			"description": "",
			"trappings": [
				"Modeste maison de ville",
				"Serviteur",
				"Encre et plume"
			]			
		},
		{
			"id": "Tracker",
			"name": "Pisteur",
			"trappings": [
				"Sac à Dos",
				"Sac de couchage",
				"Tente"
			]			
		},
		{
			"id": "Trader",
			"name": "Négociant",			
			"description": "",
			"trappings": [
				"Boulier",
				"Mule et Charrette",
				"Bâche en toile",
				"3d10 Pistoles"
			]
		},
		{
			"id": "Trapper",
			"name": "Trappeur",
			"trappings": [
				"Assortiment de pièges à animaux",
				"Arme à 1 main",
				"Bottes confortables et manteau",
				"Fronde avec 10 pierres plombées"
			]			
		},
		{
			"id": "Treasure Hunter",
			"name": "Chasseur de trésor",
			"trappings": [
				"Sac de couchage",
				"Cartes",
				"Tente",
				"Outils (Ingénieur)",
				"Nécesssaire d'écriture"
			]			
		},
		{
			"id": "Troll Slayer",
			"name": "Tueur de Trolls",
			"trappings": [
				"Hache",
				"Flasque d'alcool",
				"Honte",
				"Tatouages"
			]			
		},
		{
			"id": "Troubadour",
			"name": "Troubadour",
			"trappings": [
				"Animal dressé",
				"Nécessaire d'écriture"
			]			
		},
		{
			"id": "Troupe Leader",
			"name": "Chef de Troupe",
			"trappings": [
				"Chevaux de trait et wagon de troupe",
				"Garde robe de costumes et perruques",
				"Troupes de comédiens"
			]			
		},
		{
			"id": "Vagabond",
			"name": "Vagabond",
			"trappings": [
				"Sac à dos",
				"Sac de couchage",
				"Biens d'une valeur de 2d10 sous",
				"Tente"
			]			
		},
		{
			"id": "Village Elder",
			"name": "Doyen",
			"trappings": [
				"Le respect du village"
			]			
		},
		{
			"id": "Villager",
			"name": "Villageois",
			"trappings": [
				"Pourpoint de cuir",
				"Arme à 1 main (Hache)",
				"Outils selon profession"
			]			
		},
		{
			"id": "Wandering Trader",
			"name": "Négociant itinérant",
			"trappings": [
				"Cheval de trait et chariot fermé",
				"Biens une valeur de 5d10 CO",
				"50 pistoles d'argent"
			]			
		},
		{
			"id": "Warden",
			"name": "Intendant",
			"description": "",
			"trappings": [
				"Arme à 1 main ou Arc avec 10 flèches",
				"Cheval de sell avec fontes et selle",
				"Veste de cuir"
			]			
		},
		{
			"id": "Warlock",
			"name": "Démoniste",
			"trappings": [
				"Robes",
				"Crânes"
			]			
		},
		{
			"id": "Warrior Priest",
			"name": "Prêtre Guerrier",
			"trappings": [
				"Cuirasse",
				"Arme (Au choix)"
			]			
		},
		{
			"id": "Watch Captain",
			"name": "Capitaine de Milice",
			"description": "",
			"trappings": [
				"Cheval de selle avec selle et matériel",
				"Chapeau de qualité",
				"Arme de qualité",
				"Insigne du rang (de qualité)"
			]			
		},
		{
			"id": "Watch Recruit",
			"name": "Recrue de la Milice",
			"description": "",
			"trappings": [
				"Arme à 1 main",
				"Veste de cuir",
				"Uniforme"
			]			
		},
		{
			"id": "Watch Sergeant",
			"name": "Sergent de Milice",
			"description": "",
			"trappings": [
				"Cuirasse",
				"Casque",
				"Insigne du rang"
			]			
		},
		{
			"id": "Watchman",
			"name": "Milicien",
			"description": "",
			"trappings": [
				"Lanterne avec perche",
				"Lampe à Huile",
				"Insigne de cuivre"
			]			
		},
		{
			"id": "Witch",
			"name": "Sorcier sauvage",
			"trappings": [
				"Baton de combat",
				"Sac",
				"Assortiment d'herbes",
				"Outils de la profession (Herboriste)"
			]			
		},
		{
			"id": "Witch Hunter",
			"name": "Répurgateur",
			"trappings": [
				"Arbalète à répétition ou Pistolet",
				"Chapeau (Henin)",
				"Veste de cuir",
				"Cheval de selle avec fontes et selles",
				"Corde",
				"Epée d'argent"
			]			
		},
		{
			"id": "Witchfinder General",
			"name": "Répurgateur vétéran",
			"trappings": [
				"Vêtements de cour de qualité",
				"Répurgateurs subordonnés"
			]			
		},
		{
			"id": "Wizard",
			"name": "Sorcier",
			"description": "",
			"trappings": [
				"Licence de Magie"
			]			
		},
		{
			"id": "Wizard Lord",
			"name": "Seigneur Sorcier",
			"description": "",
			"trappings": [
				"Apprenti",
				"Bibliothèque (Magie)",
				"Atelier (Magie)"
			]			
		},
		{
			"id": "Wizard's Apprentice",
			"name": "Apprenti Sorcier",
			"description": "",
			"trappings": [
				"Grimoire",
				"Bâton"
			]			
		},
		{
			"id": "Wrecker",
			"name": "Naufrageur",
			"trappings": [
				"Arme à 1 main (Crochet)",
				"Veste de cuir",
				"Lampe tempête et Huile"
			]			
		},
		{
			"id": "Wrecker Captain",
			"name": "Capitaine Naufrageur",
			"trappings": [
				"Flotte de bateaux fluviaux et équipages de naufrageurs",
				"Pinte de bière",
				"Menottes"
			]			
		},
		{
			"id": "Wyrd",
			"name": "Devin",
			"trappings": [
				"Sac à dos",
				"Manteau avec nombreuses poches",
				"Charme de chance"
			]			
		},
		{
			"id": "Zealot",
			"name": "Zélote",
			"trappings": [
				"Fléau",
				"Robes en lambeaux"
			]			
		}
	]
}
